first_timestamp,last_timestamp
2025-03-17 23:13:48+00:00,2025-03-17 23:15:12+00:00
2025-03-17 23:16:55+00:00,2025-03-17 23:21:19+00:00
2025-03-17 23:21:29+00:00,2025-03-17 23:25:34+00:00
2025-03-17 23:26:48+00:00,2025-03-17 23:41:43+00:00
2025-03-17 23:42:03+00:00,2025-03-17 23:48:25+00:00
2025-03-17 23:48:53+00:00,2025-03-18 00:00:13+00:00
2025-03-18 00:01:24+00:00,2025-03-18 00:07:14+00:00
2025-03-18 00:18:24+00:00,2025-03-18 00:34:59+00:00
2025-03-18 03:56:14+00:00,2025-03-18 03:56:18+00:00
2025-03-18 19:50:51+00:00,2025-03-18 19:53:31+00:00
